{"count":1,"self":58.576415999999995,"total":58.969410999999994,"children":{"InitializeActuators":{"count":3,"self":0.0019944999999999997,"total":0.0019944999999999997,"children":null},"InitializeSensors":{"count":3,"self":0.00099739999999999985,"total":0.00099739999999999985,"children":null},"AgentSendState":{"count":2720,"self":0.015962999999999998,"total":0.0358849,"children":{"CollectObservations":{"count":485,"self":0,"total":0,"children":null},"WriteActionMask":{"count":485,"self":0.002993,"total":0.002993,"children":null},"RequestDecision":{"count":485,"self":0.0169289,"total":0.0169289,"children":null}}},"DecideAction":{"count":2720,"self":0.3332443,"total":0.3332443,"children":null},"AgentAct":{"count":2720,"self":0.019874299999999998,"total":0.019874299999999998,"children":null}},"gauges":{"3DBall.CumulativeReward":{"count":16,"max":4.09999752,"min":0.500000238,"runningAverage":1.69999945,"value":1.89999926,"weightedAverage":1.86730266}},"metadata":{"timer_format_version":"0.1.0","start_time_seconds":"1649874870","unity_version":"2020.3.27f1","command_line_arguments":"E:\\Unity\\2020.3.27f1\\Editor\\Unity.exe -projectpath E:\\COMP395\\SimulationDesign_G4_FinalProject_Part2 -useHub -hubIPC -cloudEnvironment production -licensingIpc LicenseClient-Natalia Arsenieva -hubSessionId 84343bc0-bb56-11ec-af6d-cfa6988a6b16","communication_protocol_version":"1.5.0","com.unity.ml-agents_version":"2.3.0-exp.2","scene_name":"MainMenu","end_time_seconds":"1649874929"}}