{"count":1,"self":11.962904,"total":12.0846532,"children":{"InitializeActuators":{"count":1,"self":0.0019952999999999998,"total":0.0019952999999999998,"children":null},"InitializeSensors":{"count":1,"self":0.00099739999999999985,"total":0.00099739999999999985,"children":null},"AgentSendState":{"count":373,"self":0.0030204,"total":0.0159582,"children":{"CollectObservations":{"count":75,"self":0.0009979,"total":0.0009979,"children":null},"WriteActionMask":{"count":75,"self":0.0009973,"total":0.0009973,"children":null},"RequestDecision":{"count":75,"self":0.0109426,"total":0.0109426,"children":null}}},"DecideAction":{"count":373,"self":0.098806399999999989,"total":0.098806399999999989,"children":null},"AgentAct":{"count":373,"self":0.0029944,"total":0.0029944,"children":null}},"gauges":{"3DBall.CumulativeReward":{"count":2,"max":1.59999955,"min":1.49999976,"runningAverage":1.54999971,"value":1.49999976,"weightedAverage":1.57499957}},"metadata":{"timer_format_version":"0.1.0","start_time_seconds":"1649832567","unity_version":"2020.3.27f1","command_line_arguments":"E:\\Unity\\2020.3.27f1\\Editor\\Unity.exe -projectPath E:\\COMP395\\SimulationDesign_G4_FinalProject_Part2","communication_protocol_version":"1.5.0","com.unity.ml-agents_version":"2.3.0-exp.2","scene_name":"RollerBall","end_time_seconds":"1649832579"}}